{
  "results": [
    {
      "command": "markdownlint-cli2",
      "mean": 3.240404549833333,
      "stddev": 0.08046218834316037,
      "median": 3.2219796140000003,
      "user": 4.992196833333334,
      "system": 0.2938941666666666,
      "min": 3.159761889,
      "max": 3.395220783,
      "times": [
        3.208163026,
        3.395220783,
        3.159761889,
        3.2307890710000002,
        3.213170157,
        3.235322373
      ],
      "memory_usage_byte": [
        352477184,
        352477184,
        387014656,
        387014656,
        399212544,
        399212544
      ],
      "exit_codes": [
        1,
        1,
        1,
        1,
        1,
        1
      ]
    }
  ]
}
