{
  "results": [
    {
      "command": "markdownlint-cli2",
      "mean": 3.258634821,
      "stddev": 0.13296537025806857,
      "median": 3.203670356,
      "user": 5.007777999999999,
      "system": 0.2884621666666667,
      "min": 3.191748461,
      "max": 3.528313503,
      "times": [
        3.200309938,
        3.528313503,
        3.191748461,
        3.191930023,
        3.207030774,
        3.232476227
      ],
      "memory_usage_byte": [
        383901696,
        383901696,
        383901696,
        392146944,
        392146944,
        392146944
      ],
      "exit_codes": [
        1,
        1,
        1,
        1,
        1,
        1
      ]
    }
  ]
}
