{
  "results": [
    {
      "command": "markdownlint-cli2",
      "mean": 2.4942289368333337,
      "stddev": 0.07613065000639974,
      "median": 2.460317154,
      "user": 3.806661333333333,
      "system": 0.2901966666666667,
      "min": 2.42656773,
      "max": 2.622777189,
      "times": [
        2.42656773,
        2.5502706980000003,
        2.622777189,
        2.463828963,
        2.4568053450000003,
        2.445123696
      ],
      "memory_usage_byte": [
        386473984,
        393482240,
        393482240,
        393482240,
        393482240,
        393482240
      ],
      "exit_codes": [
        1,
        1,
        1,
        1,
        1,
        1
      ]
    }
  ]
}
