{
  "results": [
    {
      "command": "mado",
      "mean": 0.04720368800000001,
      "stddev": 0.003494692775854266,
      "median": 0.045769076000000006,
      "user": 0.07504809999999999,
      "system": 0.008710599999999999,
      "min": 0.045230345000000005,
      "max": 0.055960094,
      "times": [
        0.045891714,
        0.05080206,
        0.045339628,
        0.045274047000000005,
        0.055960094,
        0.045646438000000004,
        0.045230345000000005,
        0.045420499,
        0.046266479000000006,
        0.046205576000000005
      ],
      "memory_usage_byte": [
        29716480,
        29716480,
        29716480,
        29716480,
        29716480,
        29716480,
        29716480,
        29716480,
        29716480,
        29716480
      ],
      "exit_codes": [
        1,
        1,
        1,
        1,
        1,
        1,
        1,
        1,
        1,
        1
      ]
    },
    {
      "command": "rumdl",
      "mean": 0.1954896821,
      "stddev": 0.002822055381541281,
      "median": 0.19426038750000002,
      "user": 0.648281,
      "system": 0.034628900000000004,
      "min": 0.192146536,
      "max": 0.19963776800000002,
      "times": [
        0.194746896,
        0.19963776800000002,
        0.19406362700000002,
        0.19383929000000003,
        0.192146536,
        0.199185419,
        0.199540968,
        0.193626726,
        0.19445714800000002,
        0.193652443
      ],
      "memory_usage_byte": [
        52695040,
        52695040,
        52695040,
        52695040,
        52695040,
        52695040,
        52695040,
        52695040,
        52695040,
        52695040
      ],
      "exit_codes": [
        1,
        1,
        1,
        1,
        1,
        1,
        1,
        1,
        1,
        1
      ]
    },
    {
      "command": "panache",
      "mean": 0.5406854534,
      "stddev": 0.015551850344944385,
      "median": 0.5503419515000001,
      "user": 1.6176156,
      "system": 0.048031899999999995,
      "min": 0.520695423,
      "max": 0.5568529630000001,
      "times": [
        0.522315501,
        0.555079008,
        0.5568529630000001,
        0.551329335,
        0.520695423,
        0.5230758130000001,
        0.549736978,
        0.5516430370000001,
        0.525179551,
        0.5509469250000001
      ],
      "memory_usage_byte": [
        52695040,
        52695040,
        52695040,
        52695040,
        52695040,
        52695040,
        52695040,
        52695040,
        52695040,
        52695040
      ],
      "exit_codes": [
        0,
        0,
        0,
        0,
        0,
        0,
        0,
        0,
        0,
        0
      ]
    },
    {
      "command": "mdsmith-parity",
      "mean": 0.17914040569999998,
      "stddev": 0.0020891735202706436,
      "median": 0.1793581085,
      "user": 0.4766136,
      "system": 0.03937059999999999,
      "min": 0.175459589,
      "max": 0.18284713600000002,
      "times": [
        0.18080014700000002,
        0.17909993800000001,
        0.177650088,
        0.180173213,
        0.177007102,
        0.180103864,
        0.17961627900000002,
        0.17864670100000002,
        0.18284713600000002,
        0.175459589
      ],
      "memory_usage_byte": [
        52695040,
        52695040,
        52695040,
        52695040,
        52695040,
        52695040,
        52695040,
        52695040,
        52695040,
        52695040
      ],
      "exit_codes": [
        1,
        1,
        1,
        1,
        1,
        1,
        1,
        1,
        1,
        1
      ]
    },
    {
      "command": "mdsmith",
      "mean": 0.3430650098,
      "stddev": 0.026847217824607673,
      "median": 0.33388992500000003,
      "user": 0.9598897999999998,
      "system": 0.0718321,
      "min": 0.33081525100000003,
      "max": 0.41880546,
      "times": [
        0.33197549200000004,
        0.33081525100000003,
        0.335072486,
        0.334085149,
        0.33267089,
        0.33369470100000004,
        0.33368582500000005,
        0.336099558,
        0.34374528600000004,
        0.41880546
      ],
      "memory_usage_byte": [
        54001664,
        54145024,
        54145024,
        54145024,
        54145024,
        54145024,
        54145024,
        54145024,
        54145024,
        54673408
      ],
      "exit_codes": [
        1,
        1,
        1,
        1,
        1,
        1,
        1,
        1,
        1,
        1
      ]
    }
  ]
}
