{
  "results": [
    {
      "command": "markdownlint-cli2",
      "mean": 3.0743316671666663,
      "stddev": 0.06661998767266945,
      "median": 3.0528357535,
      "user": 4.6519363333333335,
      "system": 0.26763966666666666,
      "min": 3.004852692,
      "max": 3.165110732,
      "times": [
        3.03060971,
        3.165110732,
        3.144234876,
        3.026120196,
        3.004852692,
        3.075061797
      ],
      "memory_usage_byte": [
        375676928,
        389083136,
        389083136,
        389083136,
        389083136,
        389083136
      ],
      "exit_codes": [
        1,
        1,
        1,
        1,
        1,
        1
      ]
    }
  ]
}
