{
  "results": [
    {
      "command": "mado",
      "mean": 0.0373723341,
      "stddev": 0.0033486797239905518,
      "median": 0.0360342345,
      "user": 0.057127000000000004,
      "system": 0.0082475,
      "min": 0.035535912,
      "max": 0.046116999000000006,
      "times": [
        0.040135341000000005,
        0.03600542,
        0.036144060000000006,
        0.046116999000000006,
        0.035850106,
        0.036026873,
        0.035808463000000006,
        0.036058571000000005,
        0.036041596,
        0.035535912
      ],
      "memory_usage_byte": [
        29597696,
        29597696,
        29597696,
        31260672,
        31260672,
        31260672,
        31260672,
        31260672,
        31260672,
        31260672
      ],
      "exit_codes": [
        1,
        1,
        1,
        1,
        1,
        1,
        1,
        1,
        1,
        1
      ]
    },
    {
      "command": "rumdl",
      "mean": 0.14828218090000003,
      "stddev": 0.002431278006286973,
      "median": 0.1477053895,
      "user": 0.47788050000000004,
      "system": 0.0287254,
      "min": 0.14619136200000002,
      "max": 0.152651182,
      "times": [
        0.148726763,
        0.146324523,
        0.146278704,
        0.14619136200000002,
        0.148364716,
        0.147046063,
        0.152651182,
        0.148646161,
        0.146298443,
        0.15229389200000001
      ],
      "memory_usage_byte": [
        48816128,
        49168384,
        49168384,
        49168384,
        49168384,
        50565120,
        50565120,
        51527680,
        51527680,
        51527680
      ],
      "exit_codes": [
        1,
        1,
        1,
        1,
        1,
        1,
        1,
        1,
        1,
        1
      ]
    },
    {
      "command": "panache",
      "mean": 0.41365887320000005,
      "stddev": 0.013521448220314333,
      "median": 0.42228822750000006,
      "user": 1.2206527,
      "system": 0.0476287,
      "min": 0.39734711300000003,
      "max": 0.42711148000000004,
      "times": [
        0.39780978300000003,
        0.42255448500000004,
        0.423672143,
        0.398759097,
        0.398223637,
        0.42397738500000004,
        0.39734711300000003,
        0.42511163900000004,
        0.42711148000000004,
        0.42202197
      ],
      "memory_usage_byte": [
        51527680,
        51527680,
        51527680,
        51527680,
        51527680,
        51527680,
        51527680,
        51527680,
        51527680,
        51527680
      ],
      "exit_codes": [
        0,
        0,
        0,
        0,
        0,
        0,
        0,
        0,
        0,
        0
      ]
    },
    {
      "command": "mdsmith-parity",
      "mean": 0.1432511484,
      "stddev": 0.0018629613175623957,
      "median": 0.1428778145,
      "user": 0.3459843,
      "system": 0.0484149,
      "min": 0.14136363200000002,
      "max": 0.148116033,
      "times": [
        0.142549273,
        0.142922247,
        0.141736084,
        0.142833382,
        0.14136363200000002,
        0.142579859,
        0.143785261,
        0.143622314,
        0.143003399,
        0.148116033
      ],
      "memory_usage_byte": [
        51527680,
        51527680,
        51527680,
        51527680,
        51527680,
        51527680,
        51527680,
        51527680,
        51527680,
        51527680
      ],
      "exit_codes": [
        1,
        1,
        1,
        1,
        1,
        1,
        1,
        1,
        1,
        1
      ]
    },
    {
      "command": "mdsmith",
      "mean": 0.2592944181,
      "stddev": 0.002520865068869924,
      "median": 0.25864790600000004,
      "user": 0.7079274999999999,
      "system": 0.0653126,
      "min": 0.256257185,
      "max": 0.263377906,
      "times": [
        0.256257185,
        0.25822341600000004,
        0.26328965000000004,
        0.257809644,
        0.259213805,
        0.25837111300000004,
        0.263377906,
        0.261014966,
        0.25892469900000004,
        0.256461797
      ],
      "memory_usage_byte": [
        54419456,
        54419456,
        54419456,
        54419456,
        54419456,
        54419456,
        54419456,
        54419456,
        54419456,
        54419456
      ],
      "exit_codes": [
        1,
        1,
        1,
        1,
        1,
        1,
        1,
        1,
        1,
        1
      ]
    }
  ]
}
