{
  "results": [
    {
      "command": "mado",
      "mean": 0.0472019177,
      "stddev": 0.003417339464826306,
      "median": 0.04544269200000001,
      "user": 0.0766612,
      "system": 0.007599300000000001,
      "min": 0.045048191,
      "max": 0.055185006,
      "times": [
        0.049323514000000006,
        0.050499347,
        0.045149991,
        0.045052850000000005,
        0.045048191,
        0.045677144,
        0.04519775,
        0.045418562,
        0.045466822000000004,
        0.055185006
      ],
      "memory_usage_byte": [
        31502336,
        31502336,
        31502336,
        31502336,
        31502336,
        31502336,
        31502336,
        31502336,
        31502336,
        31502336
      ],
      "exit_codes": [
        1,
        1,
        1,
        1,
        1,
        1,
        1,
        1,
        1,
        1
      ]
    },
    {
      "command": "rumdl",
      "mean": 0.1977425551,
      "stddev": 0.008118553741843549,
      "median": 0.19571399550000002,
      "user": 0.6444350999999999,
      "system": 0.03741699999999999,
      "min": 0.192567011,
      "max": 0.22010354000000001,
      "times": [
        0.19560242200000003,
        0.198430406,
        0.192701392,
        0.19780650300000002,
        0.192567011,
        0.196830994,
        0.195825569,
        0.193782279,
        0.19377543500000002,
        0.22010354000000001
      ],
      "memory_usage_byte": [
        50143232,
        50143232,
        50835456,
        50835456,
        50835456,
        50835456,
        50835456,
        50835456,
        51449856,
        51449856
      ],
      "exit_codes": [
        1,
        1,
        1,
        1,
        1,
        1,
        1,
        1,
        1,
        1
      ]
    },
    {
      "command": "panache",
      "mean": 0.5493295567,
      "stddev": 0.012617964365216524,
      "median": 0.5531718175,
      "user": 1.6038504,
      "system": 0.053915199999999996,
      "min": 0.5258935570000001,
      "max": 0.5624301730000001,
      "times": [
        0.5258935570000001,
        0.552106901,
        0.552854045,
        0.526727036,
        0.554733871,
        0.5598485990000001,
        0.553702217,
        0.5624301730000001,
        0.5534895900000001,
        0.551509578
      ],
      "memory_usage_byte": [
        51449856,
        51449856,
        51449856,
        51449856,
        51449856,
        51449856,
        51449856,
        51449856,
        51449856,
        51449856
      ],
      "exit_codes": [
        0,
        0,
        0,
        0,
        0,
        0,
        0,
        0,
        0,
        0
      ]
    },
    {
      "command": "mdsmith-parity",
      "mean": 0.18059012440000002,
      "stddev": 0.0026356066194152235,
      "median": 0.1803934975,
      "user": 0.47460979999999997,
      "system": 0.044891099999999996,
      "min": 0.17632935500000002,
      "max": 0.18447089,
      "times": [
        0.180688921,
        0.18009807400000002,
        0.182895271,
        0.180961274,
        0.17991636600000002,
        0.183873275,
        0.17632935500000002,
        0.177288459,
        0.17937935900000002,
        0.18447089
      ],
      "memory_usage_byte": [
        51449856,
        51449856,
        51449856,
        51449856,
        51449856,
        51449856,
        51449856,
        51449856,
        51449856,
        51449856
      ],
      "exit_codes": [
        1,
        1,
        1,
        1,
        1,
        1,
        1,
        1,
        1,
        1
      ]
    },
    {
      "command": "mdsmith",
      "mean": 0.3319121240000001,
      "stddev": 0.002424501919124829,
      "median": 0.3316606835,
      "user": 0.9518979,
      "system": 0.07242309999999999,
      "min": 0.32835700700000003,
      "max": 0.336179736,
      "times": [
        0.33238004800000004,
        0.330941319,
        0.336179736,
        0.33087471900000004,
        0.332646217,
        0.33526129400000004,
        0.33000839600000004,
        0.32835700700000003,
        0.32990936200000004,
        0.33256314200000003
      ],
      "memory_usage_byte": [
        54353920,
        54353920,
        54353920,
        54353920,
        54353920,
        54353920,
        54353920,
        54353920,
        54353920,
        54353920
      ],
      "exit_codes": [
        1,
        1,
        1,
        1,
        1,
        1,
        1,
        1,
        1,
        1
      ]
    }
  ]
}
