{
  "results": [
    {
      "command": "markdownlint-cli2",
      "mean": 2.385056177,
      "stddev": 0.06720794575142318,
      "median": 2.363953852,
      "user": 3.5479461666666663,
      "system": 0.2622291666666666,
      "min": 2.3000993100000002,
      "max": 2.476121105,
      "times": [
        2.476121105,
        2.350568399,
        2.361517301,
        2.366390403,
        2.3000993100000002,
        2.455640544
      ],
      "memory_usage_byte": [
        423161856,
        423161856,
        423161856,
        423161856,
        423161856,
        423161856
      ],
      "exit_codes": [
        1,
        1,
        1,
        1,
        1,
        1
      ]
    }
  ]
}
