{
  "results": [
    {
      "command": "mado",
      "mean": 0.0453104166,
      "stddev": 0.0036490056485595024,
      "median": 0.0439950885,
      "user": 0.0692912,
      "system": 0.0151358,
      "min": 0.043043476000000004,
      "max": 0.054748031,
      "times": [
        0.048293682000000004,
        0.043276027,
        0.044700054,
        0.043946012,
        0.043255961,
        0.044044165,
        0.043043476000000004,
        0.043376384000000004,
        0.054748031,
        0.044420374000000006
      ],
      "memory_usage_byte": [
        31334400,
        31334400,
        31334400,
        31334400,
        31334400,
        31334400,
        31334400,
        31334400,
        31334400,
        31334400
      ],
      "exit_codes": [
        1,
        1,
        1,
        1,
        1,
        1,
        1,
        1,
        1,
        1
      ]
    },
    {
      "command": "rumdl",
      "mean": 0.22053190250000002,
      "stddev": 0.0020490805530226502,
      "median": 0.220540324,
      "user": 0.6468118999999999,
      "system": 0.0510281,
      "min": 0.217583146,
      "max": 0.224687133,
      "times": [
        0.217583146,
        0.22165727400000002,
        0.219949581,
        0.22113106700000001,
        0.21821573000000002,
        0.221952543,
        0.219487503,
        0.224687133,
        0.22113552500000003,
        0.21951952300000002
      ],
      "memory_usage_byte": [
        51929088,
        51929088,
        51929088,
        51929088,
        51929088,
        51929088,
        51929088,
        51929088,
        51929088,
        51929088
      ],
      "exit_codes": [
        1,
        1,
        1,
        1,
        1,
        1,
        1,
        1,
        1,
        1
      ]
    },
    {
      "command": "panache",
      "mean": 0.39932881760000005,
      "stddev": 0.00938428962156402,
      "median": 0.3961239835,
      "user": 1.4275737,
      "system": 0.10549049999999997,
      "min": 0.393432453,
      "max": 0.42500659100000004,
      "times": [
        0.397138855,
        0.39613361500000005,
        0.401954067,
        0.39931302100000005,
        0.39608685800000004,
        0.42500659100000004,
        0.393432453,
        0.396114352,
        0.39426005900000005,
        0.393848305
      ],
      "memory_usage_byte": [
        51929088,
        51929088,
        51929088,
        51929088,
        51929088,
        51929088,
        51929088,
        51929088,
        51929088,
        51929088
      ],
      "exit_codes": [
        0,
        0,
        0,
        0,
        0,
        0,
        0,
        0,
        0,
        0
      ]
    },
    {
      "command": "mdsmith-parity",
      "mean": 0.1082214888,
      "stddev": 0.0014940617061711555,
      "median": 0.1084542935,
      "user": 0.31422069999999996,
      "system": 0.0404507,
      "min": 0.10537362700000001,
      "max": 0.110022781,
      "times": [
        0.10775114400000001,
        0.106707509,
        0.10722713,
        0.10778686900000001,
        0.109121718,
        0.110022781,
        0.10948400100000001,
        0.10537362700000001,
        0.109345013,
        0.10939509600000001
      ],
      "memory_usage_byte": [
        51929088,
        51929088,
        51929088,
        51929088,
        51929088,
        51929088,
        51929088,
        51929088,
        51929088,
        51929088
      ],
      "exit_codes": [
        1,
        1,
        1,
        1,
        1,
        1,
        1,
        1,
        1,
        1
      ]
    },
    {
      "command": "mdsmith",
      "mean": 0.4933284722,
      "stddev": 0.015666311094860635,
      "median": 0.4902713515,
      "user": 1.1646528,
      "system": 0.46576629999999997,
      "min": 0.47896638900000005,
      "max": 0.531969098,
      "times": [
        0.498307247,
        0.482536159,
        0.49340625600000004,
        0.47917770400000004,
        0.502659551,
        0.48571961500000005,
        0.488794174,
        0.47896638900000005,
        0.531969098,
        0.49174852900000005
      ],
      "memory_usage_byte": [
        51929088,
        51929088,
        51929088,
        51929088,
        51929088,
        51929088,
        51929088,
        51929088,
        51929088,
        51929088
      ],
      "exit_codes": [
        1,
        1,
        1,
        1,
        1,
        1,
        1,
        1,
        1,
        1
      ]
    }
  ]
}
