{
  "results": [
    {
      "command": "mado",
      "mean": 0.03448607050000001,
      "stddev": 0.0014769634354369137,
      "median": 0.0341389755,
      "user": 0.050027699999999994,
      "system": 0.0129302,
      "min": 0.033068659,
      "max": 0.037281886,
      "times": [
        0.033486239,
        0.033258536000000005,
        0.034216533,
        0.034061418,
        0.034299388,
        0.037031537,
        0.037281886,
        0.034395104,
        0.033068659,
        0.033761405
      ],
      "memory_usage_byte": [
        29110272,
        29110272,
        31465472,
        31465472,
        31465472,
        31465472,
        31465472,
        31465472,
        31465472,
        31465472
      ],
      "exit_codes": [
        1,
        1,
        1,
        1,
        1,
        1,
        1,
        1,
        1,
        1
      ]
    },
    {
      "command": "rumdl",
      "mean": 0.16452837560000003,
      "stddev": 0.0032932383371627886,
      "median": 0.1633324505,
      "user": 0.47244070000000005,
      "system": 0.0438463,
      "min": 0.161863887,
      "max": 0.17195923100000002,
      "times": [
        0.17195923100000002,
        0.16218258800000002,
        0.16635423100000002,
        0.16384648200000002,
        0.16799613200000002,
        0.162140785,
        0.161863887,
        0.16292720300000002,
        0.162275519,
        0.16373769800000001
      ],
      "memory_usage_byte": [
        52314112,
        52314112,
        52314112,
        52314112,
        52314112,
        52314112,
        52314112,
        52314112,
        52314112,
        52875264
      ],
      "exit_codes": [
        1,
        1,
        1,
        1,
        1,
        1,
        1,
        1,
        1,
        1
      ]
    },
    {
      "command": "panache",
      "mean": 0.3011419947000001,
      "stddev": 0.00381078450661176,
      "median": 0.29933658500000004,
      "user": 1.0650134,
      "system": 0.084117,
      "min": 0.29840666400000004,
      "max": 0.30982108,
      "times": [
        0.30982108,
        0.301886109,
        0.299048384,
        0.29850291,
        0.29883649300000004,
        0.30059766600000004,
        0.29962478600000003,
        0.29880064900000003,
        0.29840666400000004,
        0.30589520600000003
      ],
      "memory_usage_byte": [
        52875264,
        52875264,
        52875264,
        52875264,
        52875264,
        52875264,
        52875264,
        52875264,
        52875264,
        52875264
      ],
      "exit_codes": [
        0,
        0,
        0,
        0,
        0,
        0,
        0,
        0,
        0,
        0
      ]
    },
    {
      "command": "mdsmith-parity",
      "mean": 0.08271302110000002,
      "stddev": 0.001055063697120433,
      "median": 0.08278715,
      "user": 0.2326584,
      "system": 0.0326282,
      "min": 0.080510543,
      "max": 0.08451296400000001,
      "times": [
        0.08241982,
        0.080510543,
        0.08261383300000001,
        0.082411738,
        0.08198504200000001,
        0.083024444,
        0.08451296400000001,
        0.08370097700000001,
        0.082990383,
        0.08296046700000001
      ],
      "memory_usage_byte": [
        52875264,
        52875264,
        52875264,
        52875264,
        52875264,
        52875264,
        52875264,
        52875264,
        52875264,
        52875264
      ],
      "exit_codes": [
        1,
        1,
        1,
        1,
        1,
        1,
        1,
        1,
        1,
        1
      ]
    },
    {
      "command": "mdsmith",
      "mean": 0.4116789272,
      "stddev": 0.0398895927172785,
      "median": 0.39529230550000005,
      "user": 0.8559853000000001,
      "system": 0.39228359999999995,
      "min": 0.37922814600000004,
      "max": 0.493593433,
      "times": [
        0.37922814600000004,
        0.38716016000000003,
        0.394880693,
        0.39570391800000004,
        0.396547664,
        0.43051302,
        0.493593433,
        0.46978806,
        0.38556950500000003,
        0.38380467300000004
      ],
      "memory_usage_byte": [
        52875264,
        52875264,
        52875264,
        52875264,
        52875264,
        52875264,
        52875264,
        52875264,
        52875264,
        52875264
      ],
      "exit_codes": [
        1,
        1,
        1,
        1,
        1,
        1,
        1,
        1,
        1,
        1
      ]
    }
  ]
}
