{
  "results": [
    {
      "command": "markdownlint-cli2",
      "mean": 3.0833097414999995,
      "stddev": 0.0636251677525322,
      "median": 3.0666585585,
      "user": 4.5627705,
      "system": 0.2577168333333333,
      "min": 3.019621308,
      "max": 3.196136355,
      "times": [
        3.044566288,
        3.019621308,
        3.045749115,
        3.196136355,
        3.087568002,
        3.106217381
      ],
      "memory_usage_byte": [
        367022080,
        367022080,
        375713792,
        380272640,
        388562944,
        388562944
      ],
      "exit_codes": [
        1,
        1,
        1,
        1,
        1,
        1
      ]
    }
  ]
}
