{
  "results": [
    {
      "command": "mado",
      "mean": 0.045416505100000004,
      "stddev": 0.0022878262657997947,
      "median": 0.044050913000000004,
      "user": 0.06887009999999999,
      "system": 0.016325899999999997,
      "min": 0.043234060000000005,
      "max": 0.049615931,
      "times": [
        0.049615931,
        0.043743903,
        0.043735918000000006,
        0.044163219000000004,
        0.043938607000000005,
        0.043234060000000005,
        0.043638085,
        0.047863364000000005,
        0.047566469,
        0.046665495
      ],
      "memory_usage_byte": [
        29065216,
        29065216,
        29065216,
        29065216,
        29065216,
        29065216,
        29065216,
        29200384,
        29200384,
        29200384
      ],
      "exit_codes": [
        1,
        1,
        1,
        1,
        1,
        1,
        1,
        1,
        1,
        1
      ]
    },
    {
      "command": "rumdl",
      "mean": 0.221365203,
      "stddev": 0.004954409034420693,
      "median": 0.2195649345,
      "user": 0.6466988999999999,
      "system": 0.0498026,
      "min": 0.21676536300000002,
      "max": 0.23291276100000002,
      "times": [
        0.218897429,
        0.23291276100000002,
        0.219772672,
        0.21676536300000002,
        0.219357197,
        0.21992440500000002,
        0.218582893,
        0.21873520600000002,
        0.221255588,
        0.22744851600000002
      ],
      "memory_usage_byte": [
        52047872,
        52047872,
        52047872,
        52047872,
        52047872,
        52047872,
        52047872,
        52047872,
        52047872,
        52047872
      ],
      "exit_codes": [
        1,
        1,
        1,
        1,
        1,
        1,
        1,
        1,
        1,
        1
      ]
    },
    {
      "command": "panache",
      "mean": 0.4133259347,
      "stddev": 0.037156427567917635,
      "median": 0.39757584700000004,
      "user": 1.4317683999999997,
      "system": 0.10054569999999999,
      "min": 0.39514994400000003,
      "max": 0.515354439,
      "times": [
        0.39675625000000003,
        0.3975168,
        0.397634894,
        0.42568936100000004,
        0.515354439,
        0.41281348,
        0.39514994400000003,
        0.396779115,
        0.399268771,
        0.396296293
      ],
      "memory_usage_byte": [
        52047872,
        52047872,
        52047872,
        52047872,
        52047872,
        52047872,
        52047872,
        52047872,
        52047872,
        52047872
      ],
      "exit_codes": [
        0,
        0,
        0,
        0,
        0,
        0,
        0,
        0,
        0,
        0
      ]
    },
    {
      "command": "mdsmith-parity",
      "mean": 0.11814458200000003,
      "stddev": 0.008458094901353744,
      "median": 0.11553514250000001,
      "user": 0.3121903999999999,
      "system": 0.041743100000000005,
      "min": 0.110958156,
      "max": 0.137287142,
      "times": [
        0.137287142,
        0.11484949800000001,
        0.126902133,
        0.11842538200000001,
        0.116220787,
        0.11108371,
        0.11259829900000001,
        0.110958156,
        0.11162056000000001,
        0.12150015300000001
      ],
      "memory_usage_byte": [
        52047872,
        52047872,
        52047872,
        52047872,
        52047872,
        52047872,
        52047872,
        52047872,
        52047872,
        52047872
      ],
      "exit_codes": [
        1,
        1,
        1,
        1,
        1,
        1,
        1,
        1,
        1,
        1
      ]
    },
    {
      "command": "mdsmith",
      "mean": 0.49501651669999996,
      "stddev": 0.007689988772939501,
      "median": 0.49610926650000003,
      "user": 1.1717191,
      "system": 0.4736518,
      "min": 0.48305901700000003,
      "max": 0.505870538,
      "times": [
        0.49790358700000004,
        0.494756079,
        0.48305901700000003,
        0.505870538,
        0.49746245400000005,
        0.49368869000000004,
        0.48784953900000005,
        0.485076127,
        0.5017637420000001,
        0.502735394
      ],
      "memory_usage_byte": [
        52047872,
        52047872,
        52047872,
        52047872,
        52047872,
        52047872,
        52047872,
        52047872,
        52047872,
        52047872
      ],
      "exit_codes": [
        1,
        1,
        1,
        1,
        1,
        1,
        1,
        1,
        1,
        1
      ]
    }
  ]
}
